2026-10-02T19:45:27.165227+00:00,NVDA,234.35,234.21,234.41,234.40,588,613,234.9535121105234729059202949236544226478744
2026-10-02T19:45:27.165227+00:00,AAPL,333.64,333.18,333.56,333.52,124,137,335.04161713724598667934513951449058079935218
2026-10-02T19:45:27.165227+00:00,TSLA,374.22,374.40,374.19,374.16,582,619,373.5539988673875585301301654166069246080552
2026-10-02T19:45:27.165227+00:00,GOOGL,342.87,343.06,342.87,342.85,308,347,343.16783819703175559102051835228066232357205
2026-10-02T19:45:27.165227+00:00,MSTR,158.73,158.65,158.76,158.75,1556,1581,159.09518161683231476965933694
2026-10-02T19:45:27.165227+00:00,HOOD,112.59,112.56,112.56,112.55,581,615,113.6401664539544213404299890751467506366625312
2026-10-02T19:45:27.165227+00:00,CRCL,80.68,80.76,80.72,80.70,954,984,80.553921346234288667331180025
2026-10-02T19:45:27.165227+00:00,SPY,769.77,769.49,769.89,769.86,301,315,772.84803016795163875668153564
2026-10-02T19:45:27.165227+00:00,QQQ,749.98,749.64,749.64,749.63,165,177,752.60987511754287388811422853783082072972677
2026-10-02T19:45:27.165227+00:00,GLD,379.75,379.59,379.79,379.49,93,97,381.01812075920939051003756074403649688843776
2026-10-02T20:48:01.731150+00:00,NVDA,233.95,234.03,234.02,234.01,614,625,234.68331161659483319897753017423320861990675
2026-10-02T20:48:01.731150+00:00,AAPL,333.69,333.50,333.37,333.34,127,132,335.11034813691932859158333831035155219753838
2026-10-02T20:48:01.731150+00:00,TSLA,370.59,369.94,370.13,370.12,658,680,369.00966524551443457933147272919667547860262
2026-10-02T20:48:01.731150+00:00,GOOGL,343.5,343.22,343.04,343.03,407,428,341.737317687340687898007
2026-10-02T20:48:01.731150+00:00,MSTR,160.01,160.23,160.33,160.31,1687,1710,159.59840744818181818781742018543952854097123
2026-10-02T20:48:01.731150+00:00,HOOD,112.74,112.87,112.76,112.75,597,610,113.5659962669517059762264887110880535442253968
2026-10-02T20:48:01.731150+00:00,CRCL,81.25,81.42,81.49,81.48,1060,1073,81.519892178942289116612704232
2026-10-02T20:48:01.731150+00:00,SPY,769.64,769.81,769.62,769.55,321,331,770.377527321524988274019647966399243229358
2026-10-02T20:48:01.731150+00:00,QQQ,749.58,749.00,749.17,749.01,170,179,750.25232716599418355535011711
2026-10-02T20:48:01.731150+00:00,GLD,380.14,379.59,384.07,376.57,93,95,378.05182373408085222053604768591777393381
2026-10-02T21:50:35.892639+00:00,NVDA,233.95,233.95,233.97,233.95,625,631,235.07388779169949067362973707281524163700801
2026-10-02T21:50:35.892639+00:00,AAPL,333.69,333.18,333.20,333.16,128,132,336.0565421757384454941826269
2026-10-02T21:50:35.892639+00:00,TSLA,370.59,371.26,371.26,371.24,677,698,369.5806089093023993744545721504321347619255
2026-10-02T21:50:35.892639+00:00,GOOGL,343.5,343.24,343.07,343.05,415,428,344.52203663329870224302262995463493338414334
2026-10-02T21:50:35.892639+00:00,MSTR,160.01,160.10,160.06,160.05,1739,1750,159.7172281624648545009740335625863530621376
2026-10-02T21:50:35.892639+00:00,HOOD,112.74,112.87,112.75,112.73,599,610,113.6997064939539233681918645962130132892551289
2026-10-02T21:50:35.892639+00:00,CRCL,81.25,81.54,81.56,81.54,1079,1088,81.628212017534335325398495815
2026-10-02T21:50:35.892639+00:00,SPY,769.64,770.07,769.95,769.94,329,334,771.54010520273352577843750806604465256226272
2026-10-02T21:50:35.892639+00:00,QQQ,749.58,749.15,749.12,749.11,173,176,748.70802186668079551082175002115297296658586
2026-10-02T21:50:35.892639+00:00,GLD,380.14,380.08,379.78,379.47,137,138,378.24127626250137143389066958503248077095605
2026-10-02T22:53:11.193630+00:00,NVDA,233.95,233.96,233.96,233.95,637,639,235.15966532556972065256258412617486359871432
2026-10-02T22:53:11.193630+00:00,AAPL,333.69,333.18,333.19,333.14,128,132,336.40265163717408334547724619563576289551214
2026-10-02T22:53:11.193630+00:00,TSLA,370.59,370.86,370.87,370.86,683,684,370.40344629472314186854937754197516172990732
2026-10-02T22:53:11.193630+00:00,GOOGL,343.5,343.14,342.90,342.89,418,425,343.6419659330922201857461584929183511656673
2026-10-02T22:53:11.193630+00:00,MSTR,160.01,160.05,160.12,160.11,1747,1752,159.7172281624648545009740335625863530621376
2026-10-02T22:53:11.193630+00:00,HOOD,112.74,112.81,112.77,112.76,607,608,113.6997064939539233681918645962130132892551289
2026-10-02T22:53:11.193630+00:00,CRCL,81.25,81.51,81.66,81.63,1086,1094,81.477801497800550295806884379600763098634624
2026-10-02T22:53:11.193630+00:00,SPY,769.64,769.57,769.57,769.56,335,338,772.0604414854686065536996530992317906152909
2026-10-02T22:53:11.193630+00:00,QQQ,749.58,749.15,748.98,748.97,173,175,750.4726334754976195943819881281101570917668
2026-10-02T22:53:11.193630+00:00,GLD,380.14,380.08,380.15,379.84,137,138,381.53510156467347429183134753582720052076605
2026-10-02T23:55:45.468086+00:00,NVDA,233.95,234.03,234.30,234.28,639,639,235.5277381255811797007112517483149999057925
2026-10-02T23:55:45.468086+00:00,AAPL,333.69,333.14,333.20,333.17,129,133,337.1808320311305784776884516527090988562451
2026-10-02T23:55:45.468086+00:00,TSLA,370.59,371.08,371.31,371.30,685,685,372.25474037260079194618784330204840729450625
2026-10-02T23:55:45.468086+00:00,GOOGL,343.5,342.90,343.11,343.10,419,419,344.63285447433293830425648522
2026-10-02T23:55:45.468086+00:00,MSTR,160.01,160.21,160.34,160.33,1756,1757,160.44421833701874947875478585
2026-10-02T23:55:45.468086+00:00,HOOD,112.74,112.75,112.83,112.81,610,610,114.42951263599332943905891904092944902459946
2026-10-02T23:55:45.468086+00:00,CRCL,81.25,81.73,81.74,81.70,1096,1097,81.670300037418937300881073286416293904485416
2026-10-02T23:55:45.468086+00:00,SPY,769.64,770.22,769.74,769.73,339,339,772.3136413764097214112753575316208848491152
2026-10-02T23:55:45.468086+00:00,QQQ,749.58,749.32,749.27,749.25,176,176,754.8772520600309773132860154356448879233417
2026-10-02T23:55:45.468086+00:00,GLD,380.14,380.08,380.16,379.88,137,137,381.93467223421571726258162159134137177988565
